date,rating,asin,body
2026-08-01,1,B0FIXTURE2,Leaking all over my cabinet floor after two days. Returning.
2026-08-02,1,B0FIXTURE2,Product is leaking from the bottom tray. Useless.
2026-08-03,1,B0FIXTURE2,Water started leaking under the sink caddy. Mess everywhere.
2026-08-04,1,B0FIXTURE2,Leaking issue ruined my flooring. Do not buy.
2026-08-05,1,B0FIXTURE2,Arrived fine but began leaking within a week. One star.
2026-08-06,1,B0FIXTURE2,Constant leaking from the lower shelf. Cheap plastic.
2026-08-07,1,B0FIXTURE2,Leaking every time I store cleaning bottles. Refund please.
2026-08-08,1,B0FIXTURE2,Same leaking problem others mention. Waste of money.
2026-08-09,5,B0FIXTURE1,Solid build. Exactly what I needed for drawer clutter.
2026-08-10,5,B0FIXTURE1,Looks great and fits perfectly. Would buy again.
2026-08-11,5,B0FIXTURE1,Sturdy bamboo and easy to expand. Five stars.
2026-08-12,5,B0FIXTURE1,Organized my kitchen overnight. Highly recommend.
2026-08-13,5,B0FIXTURE3,"Clean design, no smell, good value for Northline Home."
2026-08-14,5,B0FIXTURE4,"Works as advertised. Smooth slide, no wobble."
2026-08-15,5,B0FIXTURE5,Gifted one and kept one. Both happy.
2026-08-16,5,B0FIXTURE6,Better than the plastic versions I tried before.
2026-08-17,5,B0FIXTURE1,Solid build. Exactly what I needed for drawer clutter.
2026-08-18,5,B0FIXTURE4,Looks great and fits perfectly. Would buy again.
2026-08-19,5,B0FIXTURE5,Sturdy bamboo and easy to expand. Five stars.
2026-08-20,5,B0FIXTURE3,Organized my kitchen overnight. Highly recommend.
2026-08-21,5,B0FIXTURE1,"Clean design, no smell, good value for Northline Home."
2026-08-22,5,B0FIXTURE6,"Works as advertised. Smooth slide, no wobble."
2026-08-23,5,B0FIXTURE4,Gifted one and kept one. Both happy.
2026-08-24,5,B0FIXTURE2,Better than the plastic versions I tried before.
2026-08-25,5,B0FIXTURE1,Solid build. Exactly what I needed for drawer clutter.
2026-08-26,5,B0FIXTURE5,Looks great and fits perfectly. Would buy again.
2026-08-27,5,B0FIXTURE3,Sturdy bamboo and easy to expand. Five stars.
2026-08-28,5,B0FIXTURE4,Organized my kitchen overnight. Highly recommend.
2026-08-29,4,B0FIXTURE1,"Clean design, no smell, good value for Northline Home."
2026-08-30,5,B0FIXTURE6,"Works as advertised. Smooth slide, no wobble."
2026-08-31,5,B0FIXTURE5,Gifted one and kept one. Both happy.
2026-09-01,3,B0FIXTURE4,Okay but thinner than expected. Average.
2026-09-02,5,B0FIXTURE1,Solid build. Exactly what I needed for drawer clutter.
2026-09-03,4,B0FIXTURE3,Looks great and fits perfectly. Would buy again.
2026-09-04,5,B0FIXTURE5,Sturdy bamboo and easy to expand. Five stars.
2026-09-05,5,B0FIXTURE6,Organized my kitchen overnight. Highly recommend.
2026-09-06,5,B0FIXTURE4,"Clean design, no smell, good value for Northline Home."
2026-09-07,5,B0FIXTURE1,"Works as advertised. Smooth slide, no wobble."
2026-09-08,4,B0FIXTURE5,Gifted one and kept one. Both happy.
2026-09-09,5,B0FIXTURE3,Better than the plastic versions I tried before.
